route_no,first_time,last_time,interval_minutes
01A,06:30,23:00,12
01B,06:30,23:00,18
040,04:30,22:40,17
0017,05:00,23:15,16
0411,04:20,22:30,15
100,04:00,22:30,12
101,04:00,23:00,10
102,04:00,23:10,12
103,04:30,23:00,12
104,04:00,23:15,10
105,04:00,22:40,14
107,04:10,22:30,13
109,04:27,23:20,15
111,04:10,22:20,24
120,04:25,23:10,8
121,04:00,22:30,10
130,04:20,22:50,12
140,04:00,22:50,8
141,04:00,22:40,12
142,04:00,22:45,12
143,04:00,22:10,8
144,04:30,22:50,12
145,04:00,22:40,10
146,04:05,23:00,12
147,04:00,22:10,9
148,04:00,22:40,10
150,03:57,22:00,9
151,04:00,22:50,10
152,04:00,22:00,10
160,03:57,22:10,9
162,04:00,22:50,9
163,04:00,22:30,10
171,04:00,23:00,11
172,04:00,22:45,12
173,04:00,22:50,13
201,04:00,00:00,18
202,04:00,22:00,10
240,04:00,22:50,18
241,04:00,22:30,11
242,04:00,22:30,17
260,03:55,22:40,10
261,03:50,22:30,11
262,04:00,22:00,15
270,04:00,22:20,10
271,04:10,22:20,7
272,04:15,22:30,7
273,04:10,22:30,8
301,04:00,22:30,8
302,04:00,22:45,15
303,04:00,22:20,12
320,04:00,23:00,10
333,04:00,23:00,13
340,04:30,23:10,8
341,04:30,22:20,14
342,04:00,22:30,11
343,04:00,22:40,17
345,04:00,22:50,12
350,04:00,22:30,13
360,04:00,22:50,7
361,04:00,22:30,14
370,04:00,22:50,8
400,04:15,22:25,14
401,04:00,22:30,13
402,04:00,00:05,12
405,04:10,22:40,17
406,04:00,23:00,14
420,04:00,22:50,11
421,04:00,22:10,12
422,04:30,23:00,20
440,03:55,22:55,13
441,04:20,22:20,15
452,04:00,22:50,12
461,04:00,22:10,15
463,04:00,22:15,13
470,04:00,22:30,11
472,04:10,23:20,11
500,04:00,23:00,10
501,04:30,22:30,11
502,04:10,22:50,13
503,04:15,22:20,18
504,03:55,22:40,8
505,04:10,22:30,12
506,04:30,22:30,16
507,04:00,22:50,11
540,04:45,00:05,25
541,04:10,23:20,20
571,04:20,22:30,15
600,04:00,23:30,9
601,04:00,22:50,10
602,04:10,22:30,10
603,04:20,23:00,12
604,04:00,22:50,13
605,04:00,22:20,11
606,04:00,22:30,16
640,04:20,22:50,13
641,04:10,22:40,9
643,04:30,22:40,10
650,04:00,22:40,11
651,04:00,22:40,13
652,04:00,22:40,12
653,04:30,23:20,20
654,04:00,22:30,14
660,04:00,22:30,15
661,04:00,22:40,19
662,04:00,23:10,14
672,04:30,22:50,17
673,04:30,22:50,18
674,04:20,23:00,15
700,04:30,00:00,20
701,04:00,23:00,12
703,04:30,22:30,25
704,04:00,22:30,14
705,03:50,23:00,16
706,04:00,23:00,14
707,04:00,22:50,18
708,04:30,23:20,12
709,04:30,23:00,14
710,03:50,22:40,12
720,04:00,23:10,10
721,04:20,22:40,11
740,04:00,22:40,12
741,04:00,22:50,10
742,04:00,22:10,13
752,04:00,22:20,13
753,04:10,22:20,15
760,04:30,23:00,20
761,04:00,23:20,12
771,04:10,23:30,24
1014,05:00,23:40,10
1017,04:30,23:20,15
1020,04:30,23:20,10
1111,04:20,23:20,12
1112,04:00,23:00,15
1113,05:10,23:40,16
1114,05:00,23:50,20
1115,05:30,00:00,16
1116,05:00,23:30,25
1119,04:40,23:35,9
1120,04:30,23:00,18
1122,04:00,23:30,10
1124,05:00,00:30,16
1126,04:25,23:50,9
1127,05:00,23:10,14
1128,04:30,22:50,13
1129,05:00,23:30,40
1130,05:00,00:10,15
1131,05:00,23:50,20
1132,04:30,23:50,11
1133,05:00,23:40,20
1135,04:30,23:40,13
1136,05:00,00:00,17
1137,04:30,23:10,14
1138,04:30,23:40,20
1139,04:20,23:30,16
1140,05:00,00:00,23
1141,05:00,23:50,20
1142,05:00,00:00,10
1143,04:30,23:20,18
1144,04:40,23:40,18
1154,04:30,23:20,18
1162,05:00,23:40,12
1164,05:00,23:40,7
1165,04:30,23:30,10
1167,04:45,23:30,12
1213,04:20,23:00,15
1218,04:10,22:50,14
1221,04:30,23:30,27
1222,04:00,23:20,12
1224,04:30,23:20,9
1226,04:30,22:40,50
1227,04:30,23:20,13
1711,04:30,23:00,8
2012,04:00,22:40,13
2013,04:20,22:50,15
2014,04:20,23:30,14
2015,04:30,23:10,10
2016,04:00,22:20,15
2112,04:30,22:40,18
2113,05:30,23:30,13
2114,05:30,23:30,14
2155,04:10,22:50,13
2211,04:40,23:25,7
2212,04:10,22:40,23
2221,04:30,23:15,15
2222,04:30,23:20,20
2224,04:10,23:15,16
2227,04:20,22:40,13
2230,04:20,23:00,10
2233,04:30,22:40,17
2236,05:00,22:30,15
2311,04:00,22:30,14
2412,04:00,22:40,15
2413,04:10,23:10,20
2415,04:30,23:20,16
2416,04:30,22:40,17
3011,04:20,22:50,13
3212,04:30,23:30,16
3214,04:40,23:20,14
3216,04:30,22:40,15
3217,04:00,22:45,10
3220,04:30,22:40,16
3313,04:25,23:25,12
3314,04:40,23:20,11
3315,04:30,23:20,8
3316,04:50,23:30,12
3317,04:30,23:30,12
3318,04:30,23:10,13
3319,04:30,23:30,15
3321,04:30,23:40,16
3322,04:00,23:20,12
3323,04:30,22:40,17
3324,04:20,23:20,16
3411,04:30,23:10,14
3412,04:00,22:30,14
3413,04:20,23:00,10
3414,04:30,22:40,15
3416,04:40,23:30,13
3417,04:30,23:30,8
3420,04:00,22:30,14
3422,04:20,22:30,16
3426,04:20,23:00,13
4211,03:55,23:00,14
4212,04:00,23:00,12
4312,04:30,22:50,12
4318,04:00,22:30,10
4319,04:20,23:00,12
4425,04:00,22:30,20
4432,04:00,23:20,15
4433,05:40,23:30,11
4435,04:10,23:20,17
5012,04:20,22:30,19
5413,04:10,23:00,9
5511,05:30,23:30,11
5513,05:30,22:30,14
5515,05:30,23:30,12
5516,05:00,23:00,9
5517,04:30,22:30,13
5519,06:00,23:25,17
5523,04:30,23:20,17
5524,04:00,22:30,10
5525,04:50,23:20,19
5528,04:30,22:50,15
5530,04:10,22:50,12
5531,04:20,22:30,8
5535,04:20,22:40,10
5536,04:10,22:40,15
5537,04:30,23:30,18
5611,04:20,23:20,23
5615,04:00,23:00,10
5616,04:20,22:20,17
5617,04:50,23:50,11
5618,03:30,22:10,12
5619,04:30,23:30,12
5620,04:30,23:10,9
5621,05:20,23:50,9
5623,04:00,22:20,9
5625,04:00,22:40,15
5626,04:00,22:25,14
5627,04:30,23:30,20
5630,04:15,22:50,18
5633,04:20,22:50,15
5634,04:15,22:50,17
5712,04:30,22:30,10
5713,04:05,22:25,12
5714,04:15,22:10,13
6211,04:20,22:30,13
6411,03:45,22:15,14
6511,04:00,23:00,23
6512,03:50,22:30,13
6514,04:00,22:00,13
6515,04:10,22:10,10
6516,04:00,21:40,20
6611,05:40,22:00,15
6613,04:30,22:50,19
6614,04:30,22:40,18
6615,04:30,23:00,22
6616,04:30,23:10,18
6617,05:00,23:30,12
6620,05:00,23:30,16
6623,04:10,22:50,15
6624,05:00,23:40,12
6625,04:30,23:00,18
6627,04:30,23:00,16
6628,04:10,23:20,9
6629,04:30,22:40,14
6630,04:20,22:50,20
6631,04:20,22:50,10
6632,04:30,23:00,13
6633,04:50,21:30,25
6637,04:30,23:10,8
6638,04:30,23:00,15
6642,04:40,22:30,12
6645,04:40,22:30,14
6647,05:00,23:00,13
6648,04:30,23:00,16
6657,05:00,23:00,23
6712,04:30,22:40,16
6713,04:30,22:20,17
6714,04:30,23:00,20
6715,04:30,23:20,10
6716,04:30,22:20,11
7011,04:30,23:10,14
7016,04:30,22:30,10
7017,04:30,23:00,13
7018,04:15,23:00,12
7019,04:30,22:55,15
7021,04:30,23:00,12
7022,04:30,23:10,10
7024,05:30,23:10,22
7025,04:10,23:20,17
7211,04:10,23:00,10
7212,04:00,22:10,16
7611,04:10,22:40,16
7612,04:33,23:40,14
7613,04:30,23:00,15
7711,04:30,00:00,10
7713,05:00,23:30,15
7715,04:30,23:30,13
7716,05:30,22:00,20
7719,04:20,23:00,30
7720,04:30,23:10,15
7722,04:30,23:50,14
7723,04:30,00:00,13
7726,05:00,00:00,23
7727,04:30,22:50,14
7728,04:00,22:10,16
7730,04:30,23:00,10
7734,04:00,23:00,10
7737,05:05,23:10,12
7738,05:00,23:20,10
7739,05:00,23:20,15
8003,06:00,23:00,40
8101,07:30,08:05,7
8111,06:30,09:05,20
8112,06:30,09:15,15
8146,03:50,04:00,5
8221,06:40,08:50,13
8331,07:20,09:20,12
8332,06:10,09:10,25
8441,06:47,09:20,20
8541,04:00,04:40,20
8551,06:50,08:50,15
8552,07:10,09:00,11
8561,06:30,09:15,13
8661,06:30,08:55,20
8671,06:30,09:05,20
8771,07:00,09:00,11
8774,04:30,23:00,25
9401,04:30,23:00,7
9404,04:00,23:30,8
9408,04:00,22:40,18
9409,05:00,23:00,30
9707,05:00,00:00,16
9711,04:50,23:30,16
9401-1,06:00,23:00,20
110A,04:00,22:40,11
110B,04:05,22:45,10
2115A,04:00,22:50,10
2115B,04:00,23:50,10
2312A,04:20,22:30,12
2312B,04:30,20:20,25
5522A,05:00,23:30,15
5522B,05:00,23:30,12
6640A,04:30,23:10,16
6640B,04:30,23:10,16
7013A,04:30,23:00,30
7013B,04:45,23:10,30
702A,03:40,22:10,10
702B,04:05,22:35,20
750A,04:00,23:10,14
750B,04:00,23:10,10
8333A,06:40,08:05,18
8333B,06:35,07:55,18
8442출근,06:40,07:45,50
8442퇴근,18:30,19:30,60
8762출근,06:30,09:20,17
8762퇴근,17:00,19:54,17
8773구산출근,05:40,06:20,40
8773홍대출근,05:40,05:40,40
8773구산퇴근,16:55,17:35,40
8773홍대퇴근,16:55,16:55,40
8775출근,06:30,10:10,20
8775퇴근,16:40,20:20,20
N13상계,23:30,01:20,30
N13송파,23:30,01:20,30
N15사당,23:50,01:30,30
N15우이,23:30,01:30,30
N16도봉,23:50,01:30,30
N16온수,00:00,01:40,30
N26강서,00:00,01:30,25
N26중랑,00:00,01:30,20
N30,23:10,03:50,45
N31강동,23:30,01:20,40
N31정릉,23:30,01:20,40
N37송파,23:50,01:20,25
N37진관,23:50,01:20,30
N51시흥,23:40,01:30,30
N51하계,23:40,01:30,40
N61상계,23:40,04:10,30
N61양천,23:40,04:10,30
N62면목,23:40,01:10,20
N62양천,23:40,01:10,20
N64강서,23:40,01:10,35
N64염곡,23:40,01:10,35
N72은평,23:30,01:15,30
N72중랑,23:30,01:15,40
N73구산,23:30,01:15,35
N73송파,23:30,01:15,35
N75신림,23:00,01:20,30
N75진관,23:00,01:20,30
서울01출근,07:00,07:30,20
서울01퇴근,18:20,18:40,20
서울02출근,06:30,08:20,12
서울02퇴근,18:40,19:20,20
서울03출근,06:40,07:20,25
서울03퇴근,18:20,18:40,20
서울04출근,06:30,07:15,20
서울04퇴근,18:30,19:10,20
서울05출근,06:30,07:15,20
서울05퇴근,18:40,19:00,20
서울06출근,06:35,07:05,20
서울06퇴근,18:30,18:50,20
서울07출근,07:00,07:45,20
서울07퇴근,17:50,18:30,20
서울08출근,07:00,07:30,20
서울08퇴근,18:20,18:40,20
서울09출근,07:00,07:45,20
서울09퇴근,18:55,19:15,20
서울10출근,07:00,07:45,20
서울10퇴근,18:55,19:15,20
